980,9808792,‹{ι§ε‘δsΒ—t‹ζγ™‚R’–Ϊ‚Q|‚V,
980,9808510,‹{ι§ε‘δsΒ—t‹ζά‹΄‚Q’–Ϊ‚P‚Q|‚P,
980,9808442,‹{ι§ε‘δsΒ—t‹ζ’†‰›‚R’–Ϊ‚R|‚R,
980,9808546,‹{ι§ε‘δsΒ—t‹ζκ”Τ’¬‚R’–Ϊ‚P‚P|‚P‚T,
980,9808650,‹{ι§ε‘δsΒ—t‹ζά‹΄“ρ’–Ϊ‚S”Τ‚Q†,
980,9808443,‹{ι§ε‘δsΒ—t‹ζ–{’¬‚Q’–Ϊ‚R|‚P‚O’©“ϊ¶–½ε‘δ–{’¬ƒrƒ‹‚Q‚e,
980,9806180,‹{ι§ε‘δsΒ—t‹ζ’†‰›36925,
980,9808481,‹{ι§ε‘δsΒ—t‹ζ‰Τ‹‰@‚P’–Ϊ‚P”Τ‚P‚O†‚ ‚Ά‚¨‚Ά‘Ή•Ϋε‘δƒrƒ‹‚P‚SK,
980,9808521,‹{ι§ε‘δsΒ—t‹ζκ”Τ’¬‚P’–Ϊ‚P‚U|‚U,
980,9808621,‹{ι§ε‘δsΒ—t‹ζ“ρ“ϊ’¬41666,
980,9808433,‹{ι§ε‘δsΒ—t‹ζγ™‚T’–Ϊ‚W”Τ‚R‚R†,
980,9808797,‹{ι§ε‘δsΒ—t‹ζκ”Τ’¬‚P’–Ϊ‚P|‚R‚S,
980,9808555,‹{ι§ε‘δsΒ—t‹ζκ”Τ’¬‚S’–Ϊ‚P‚P|‚P,
980,9806055,‹{ι§ε‘δsΒ—t‹ζ’†‰›‚S’–Ϊ‚U|‚P‚r‚r‚R‚Oƒrƒ‹‚Q‚V‚e,
980,9808515,‹{ι§ε‘δsΒ—t‹ζγ™‚P’–Ϊ‚P”Τ‚Q†,
980,9808456,‹{ι§ε‘δsΒ—t‹ζ’†‰›‚S’–Ϊ‚P‚O|‚R,
980,9808420,‹{ι§ε‘δsΒ—t‹ζ–{’¬‚Q’–Ϊ‚P‚O|‚Q‚W,
980,9808632,‹{ι§ε‘δsΒ—t‹ζ‘εθ’¬41762,
980,9808529,‹{ι§ε‘δsΒ—t‹ζκ”Τ’¬‚P’–Ϊ‚P‚U|‚T,
980,9808797,‹{ι§ε‘δsΒ—t‹ζκ”Τ’¬‚P’–Ϊ‚P|‚R‚S,
980,9808466,‹{ι§ε‘δsΒ—t‹ζ’†‰›‚P’–Ϊ‚X|‚R‚R,
980,9808777,‹{ι§ε‘δsΒ—t‹ζ’†‰›‚R’–Ϊ‚R|‚Q‚O,
980,9808622,‹{ι§ε‘δsΒ—t‹ζt“ϊ’¬‚U”Τ‚P‚T†,
980,9808520,‹{ι§ε‘δsΒ—t‹ζκ”Τ’¬‚R’–Ϊ‚V|‚Q‚R–Ύ΅ΐ“c¶–½ε‘δκ”Τ’¬ƒrƒ‹‚RK,
980,9808407,‹{ι§ε‘δsΒ—t‹ζ–{’¬‚Q’–Ϊ‚P‚S|‚Q‚S,
980,9808585,‹{ι§ε‘δsΒ—t‹ζ‘ε’¬‚P’–Ϊ‚P|‚R‚OVε‘δƒrƒ‹ƒfƒBƒ“ƒO‚S‚e,
980,9808501,‹{ι§ε‘δsΒ—t‹ζ–k–Ϊ’¬41698,
980,9808446,‹{ι§ε‘δsΒ—t‹ζ’†‰›‚P’–Ϊ‚U|‚Q‚R,
980,9808411,‹{ι§ε‘δsΒ—t‹ζ–{’¬‚P’–Ϊ‚P‚O|‚Q‚P,
980,9808535,‹{ι§ε‘δsΒ—t‹ζκ”Τ’¬‚Q’–Ϊ‚S|‚Pε‘δ‹»aƒrƒ‹‚R‚e,
980,9808401,‹{ι§ε‘δsΒ—t‹ζ–{’¬‚Q’–Ϊ‚P|‚Q‚X,
980,9808525,‹{ι§ε‘δsΒ—t‹ζκ”Τ’¬‚Q’–Ϊ‚T|‚Q‚Q,
980,9808486,‹{ι§ε‘δsΒ—t‹ζ—§’¬‚Q‚V|‚Q‚Pε‘δ‹΄–{ƒrƒ‹ƒaƒ“ƒO‚SK,
980,9808452,‹{ι§ε‘δsΒ—t‹ζ’†‰›κ’–Ϊ‚U”Τ‚R‚T†“‹•¨ε‘δƒrƒ‹‚XK,
980,9808453,‹{ι§ε‘δsΒ—t‹ζ’†‰›κ’–Ϊ‚U”Τ‚R‚T†“‹•¨ε‘δƒrƒ‹‚P‚OK,
980,9808454,‹{ι§ε‘δsΒ—t‹ζ’†‰›κ’–Ϊ‚U”Τ‚R‚T†“‹•¨ε‘δƒrƒ‹‚P‚PK,
980,9808488,‹{ι§ε‘δsΒ—t‹ζ–{’¬‚Q’–Ϊ‚R|‚P‚Oε‘δ–{’¬ƒrƒ‹‚P‚O‚e,
980,9808640,‹{ι§ε‘δsΒ—t‹ζ•Π•½‚P’–Ϊ‚Q|‚R‚Q,
980,9808581,‹{ι§ε‘δsΒ—t‹ζ‘εθ’¬41640,
980,9808415,‹{ι§ε‘δsΒ—t‹ζ–{’¬‚Q|‚P‚T|‚Pƒ‹ƒi[ƒ‹ε‘δ‚PK,
980,9808531,‹{ι§ε‘δsΒ—t‹ζκ”Τ’¬‚S’–Ϊ‚P”Τ‚Q‚T†““ρ”Τ’ƒXƒNƒGƒA,
980,9808652,‹{ι§ε‘δsΒ—t‹ζκ”Τ’¬‚R’–Ϊ‚Q|‚P‚V,
980,9808686,‹{ι§ε‘δsΒ—t‹ζκ”Τ’¬‚P’–Ϊ‚X|‚Pε‘δƒgƒ‰ƒXƒgƒ^ƒ[‚P‚O‚e,
980,9808651,‹{ι§ε‘δsΒ—t‹ζκ”Τ’¬‚R’–Ϊ‚P”Τ‚P†iε‘δ’†‰›—X•Φ‹Η„‘” ‘ζ‚R‚S†j,
980,9808543,‹{ι§ε‘δsΒ—t‹ζκ”Τ’¬‚S’–Ϊ‚W|‚P‚T,
980,9808583,‹{ι§ε‘δsΒ—t‹ζ‘•’¬‚R’–Ϊ‚P|‚P‚W,
980,9808405,‹{ι§ε‘δsΒ—t‹ζ–{’¬‚Q’–Ϊ‚P‚Q|‚P‚Q,
980,9808560,‹{ι§ε‘δsΒ—t‹ζκ”Τ’¬‚P’–Ϊ‚X”Τ‚P†ε‘δƒgƒ‰ƒXƒgƒ^ƒ[,
980,9808447,‹{ι§ε‘δsΒ—t‹ζ—§’¬‚Q‚V”Τ‚Q‚P†ε‘δ‹΄–{ƒrƒ‹ƒaƒ“ƒO‚TK,
980,9808403,‹{ι§ε‘δsΒ—t‹ζ–{’¬‚R’–Ϊ‚R|‚Pε‘δ‡“―’΅Ι,
980,9808602,‹{ι§ε‘δsΒ—t‹ζ“ρ“ϊ’¬41897,
980,9808573,‹{ι§ε‘δsΒ—t‹ζ―—Λ’¬41671,
980,9808605,‹{ι§ε‘δsΒ—t‹ζ“ρ“ϊ’¬‚P‚U|‚Q‚O“ρ“ϊ’¬ƒz[ƒ€ƒvƒ‰ƒUƒrƒ‹,
980,9808526,‹{ι§ε‘δsΒ—t‹ζκ”Τ’¬‚R’–Ϊ‚R|‚U―aε‘δƒrƒ‹,
980,9808533,‹{ι§ε‘δsΒ—t‹ζκ”Τ’¬‚P|‚X|‚Pε‘δƒgƒ‰ƒXƒgƒ^ƒ[‚P‚VK,
980,9808436,‹{ι§ε‘δsΒ—t‹ζ–{’¬‚R’–Ϊ‚R|‚Pε‘δ‡“―’΅Ι,
980,9808544,‹{ι§ε‘δsΒ—t‹ζκ”Τ’¬‚P’–Ϊ‚P‚S”Τ‚R‚Q†‚Q‚e,
980,9808508,‹{ι§ε‘δsΒ—t‹ζά‹΄‚P’–Ϊ‚P|‚T,
980,9806088,‹{ι§ε‘δsΒ—t‹ζ’†‰›‚S’–Ϊ‚U|‚PZ—F¶–½ε‘δ’†‰›ƒrƒ‹‚P‚R‚e,
980,9808439,‹{ι§ε‘δsΒ—t‹ζ–{’¬‚Q’–Ϊ‚P‚U|‚P‚O,
980,9808431,‹{ι§ε‘δsΒ—t‹ζ–{’¬‚Q’–Ϊ‚P‚U|‚P‚O‚m‚a‚eε‘δ–{’¬ƒrƒ‹,
980,9808637,‹{ι§ε‘δsΒ—t‹ζ•Π•½‚P’–Ϊ‚U|‚P,
980,9808636,‹{ι§ε‘δsΒ—t‹ζ•Π•½‚P’–Ϊ‚U”Τ‚P†,
980,9808402,‹{ι§ε‘δsΒ—t‹ζγ™‚P’–Ϊ‚P|‚P,
980,9808638,‹{ι§ε‘δsΒ—t‹ζ•Π•½‚P’–Ϊ‚U”Τ‚P†,
980,9808430,‹{ι§ε‘δsΒ—t‹ζ–{’¬‚R’–Ϊ‚R|‚Pε‘δ‡“―’΅Ι,
980,9808701,‹{ι§ε‘δsΒ—t‹ζγ™‚P’–Ϊ‚T|‚P,
980,9808671,‹{ι§ε‘δsΒ—t‹ζ‘•’¬‚R’–Ϊ‚V|‚P,
980,9808414,‹{ι§ε‘δsΒ—t‹ζ–{’¬‚Q’–Ϊ‚P‚U”Τ‚P‚Q†,
980,9808639,‹{ι§ε‘δsΒ—t‹ζ•Π•½‚P’–Ϊ‚U|‚P,
980,9808798,‹{ι§ε‘δsΒ—t‹ζ’†‰›‚S’–Ϊ‚T|‚P,
980,9808711,‹{ι§ε‘δsΒ—t‹ζκ”Τ’¬36953,
980,9808484,‹{ι§ε‘δsΒ—t‹ζ’†‰›‚P’–Ϊ‚Q”Τ‚R†ε‘δƒ}[ƒNƒƒ“,
980,9808601,‹{ι§ε‘δsΒ—t‹ζt“ϊ’¬‚V”Τ‚Q‚T†ε‘δ‘ζ‚R–@–±‘‡’΅Ι,
980,9808485,‹{ι§ε‘δsΒ—t‹ζ’†‰›‚P’–Ϊ‚Q”Τ‚R†ε‘δƒ}[ƒNƒƒ“,
980,9808561,‹{ι§ε‘δsΒ—t‹ζ‘•’¬‚R’–Ϊ‚U|‚Pε‘δƒp[ƒNƒrƒ‹,
980,9808429,‹{ι§ε‘δsΒ—t‹ζγ™‚P’–Ϊ‚S|‚Q‚O,
980,9808670,‹{ι§ε‘δsΒ—t‹ζά‹΄‚Q’–Ϊ‚P|‚P‚O,
980,9808565,‹{ι§ε‘δsΒ—t‹ζ‘•’¬‚R’–Ϊ‚U|‚Pε‘δƒp[ƒNƒrƒ‹ƒfƒBƒ“ƒO‚V‚e,
980,9808460,‹{ι§ε‘δsΒ—t‹ζκ”Τ’¬‚S’–Ϊ‚P|‚Q‚T““ρ”Τ’ƒXƒNƒGƒA,
980,9808408,‹{ι§ε‘δsΒ—t‹ζ–{’¬‚R’–Ϊ‚R”Τ‚P†,
980,9808511,‹{ι§ε‘δsΒ—t‹ζ“y”σ‚P’–Ϊ‚R|‚P,
980,9808426,‹{ι§ε‘δsΒ—t‹ζ‰Τ‹‰@‚P’–Ϊ‚P”Τ‚Q‚O†‰Τ‹‰@ƒXƒNƒGƒA‚Q‚PK,
980,9808575,‹{ι§ε‘δsΒ—t‹ζ―—Λ’¬41671,
980,9808577,‹{ι§ε‘δsΒ—t‹ζ•Π•½‚Q’–Ϊ‚P|‚P,
980,9808578,‹{ι§ε‘δsΒ—t‹ζrΒ—t‚U|‚R,
980,9808576,‹{ι§ε‘δsΒ—t‹ζμ“ΰ41666,
980,9808579,‹{ι§ε‘δsΒ—t‹ζrΒ—t‚U|‚U,
980,9808574,‹{ι§ε‘δsΒ—t‹ζ―—Λ’¬41640,
980,9808550,‹{ι§ε‘δsΒ—t‹ζ–{’¬‚P’–Ϊ‚V|‚P,
980,9808445,‹{ι§ε‘δsΒ—t‹ζ’†‰›‚S’–Ϊ‚P|‚U,
980,9806161,‹{ι§ε‘δsΒ—t‹ζ’†‰›‚P’–Ϊ‚R|‚PiƒAƒGƒ‹ƒrƒ‹‚R‚O‚ej,
980,9808733,‹{ι§ε‘δsΒ—t‹ζ‹{’¬38067,
980,9808421,‹{ι§ε‘δsΒ—t‹ζ‹{’¬38067,
980,9808435,‹{ι§ε‘δsΒ—t‹ζ‹Ρ’¬‚P’–Ϊ‚P‚P|‚P,
980,9808703,‹{ι§ε‘δsΒ—t‹ζγ™‚P’–Ϊ‚U|‚P‚P,
980,9808797,‹{ι§ε‘δsΒ—t‹ζκ”Τ’¬‚P’–Ϊ‚P|‚R‚S,
980,9808793,‹{ι§ε‘δsΒ—t‹ζκ”Τ’¬‚P’–Ϊ‚P|‚R‚S,
980,9808534,‹{ι§ε‘δsΒ—t‹ζκ”Τ’¬‚R’–Ϊ‚V|‚P,
980,9808545,‹{ι§ε‘δsΒ—t‹ζκ”Τ’¬‚Q’–Ϊ‚P‚O|‚P‚V,
980,9808477,‹{ι§ε‘δsΒ—t‹ζ’†‰›‚P’–Ϊ‚P|‚P,
980,9808587,‹{ι§ε‘δsΒ—t‹ζ‘•’¬‚R’–Ϊ‚P|‚P‚Pε‘δƒpƒiƒ\ƒjƒbƒNƒrƒ‹,
980,9808566,‹{ι§ε‘δsΒ—t‹ζ‘ε’¬‚Q’–Ϊ‚Q|‚P‚O,
980,9808458,‹{ι§ε‘δsΒ—t‹ζ’†‰›‚Q’–Ϊ‚X”Τ‚P‚O†ƒZƒ“ƒgƒ“–k,
980,9808608,‹{ι§ε‘δsΒ—t‹ζ‰Τ‹‰@‚Q’–Ϊ‚P|‚P‚S‰Τ‹‰@ƒrƒ‹ƒfƒBƒ“ƒO‚SK,
980,9808571,‹{ι§ε‘δsΒ—t‹ζ‘•’¬‚R’–Ϊ‚U|‚P,
980,9808478,‹{ι§ε‘δsΒ—t‹ζ’†‰›‚Q’–Ϊ‚P|‚V,
980,9808410,‹{ι§ε‘δsΒ—t‹ζ–{’¬‚R’–Ϊ‚W|‚P,
980,9808631,‹{ι§ε‘δsΒ—t‹ζμ“ΰ“b‹΄’Κ1,
980,9808633,‹{ι§ε‘δsΒ—t‹ζ‘εθ’¬41644,
980,9808423,‹{ι§ε‘δsΒ—t‹ζ–{’¬‚R’–Ϊ‚W|‚P,
980,9808422,‹{ι§ε‘δsΒ—t‹ζγ™‚P’–Ϊ‚Q|‚R,
980,9808448,‹{ι§ε‘δsΒ—t‹ζ’†‰›‚Q|‚P‚O|‚R‚Oε‘δ–Ύ–Fƒrƒ‹,
980,9808480,‹{ι§ε‘δsΒ—t‹ζ’†‰›‚Q’–Ϊ‚Q|‚P‚Oε“s‰οΩƒrƒ‹‚U‚e,
980,9808588,‹{ι§ε‘δsΒ—t‹ζ‘•’¬‚R’–Ϊ‚P|‚Q,
980,9808505,‹{ι§ε‘δsΒ—t‹ζ–k–Ϊ’¬‚U”Τ‚W†,
980,9808570,‹{ι§ε‘δsΒ—t‹ζ–{’¬‚R’–Ϊ‚W|‚P,
980,9808580,‹{ι§ε‘δsΒ—t‹ζά‹΄‚P’–Ϊ‚P|‚P,
980,9808660,‹{ι§ε‘δsΒ—t‹ζά‹΄‚P’–Ϊ‚Q|‚Q‚Wiε‘δ’†‰›—X•Φ‹Η„‘” ‘ζ‚X†j,
980,9808656,‹{ι§ε‘δsΒ—t‹ζκ”Τ’¬‚Q’–Ϊ‚P|‚Piε‘δ’†‰›—X•Φ‹Η„‘” ‘ζ‚R†j,
980,9808677,‹{ι§ε‘δsΒ—t‹ζκ”Τ’¬‚S’–Ϊ‚U|‚P‘ζκ¶–½ƒ^ƒ[ƒrƒ‹‚P‚TKiε‘δ’†‰›—X•Φ‹Η„‘” ‘ζ‚P‚O‚S†j,
980,9808661,‹{ι§ε‘δsΒ—t‹ζ–k–Ϊ’¬‚P|‚P‚Tiε‘δ’†‰›—X•Φ‹Η„‘” ‘ζ‚Q‚T†j,
980,9808707,‹{ι§ε‘δsΒ—t‹ζκ”Τ’¬‚R’–Ϊ‚S|‚Wiε‘δ’†‰›—X•Φ‹Η„‘” ‘ζ‚S‚P†j,
980,9808685,‹{ι§ε‘δsΒ—t‹ζκ”Τ’¬‚R’–Ϊ‚V|‚Piε‘δ’†‰›—X•Φ‹Η„‘” ‘ζ‚X‚P†j,
980,9808795,‹{ι§ε‘δsΒ—t‹ζ–{’¬‚R’–Ϊ‚Q|‚Q‚R,
980,9808794,‹{ι§ε‘δsΒ—t‹ζκ”Τ’¬‚P’–Ϊ‚R|‚R,
981,9818577,‹{ι§ε‘δsΒ—t‹ζ’η’Κ‰J‹{’¬‚S|‚P‚V‹{ι§ε‘δ‡“―’΅Ι‚TK,
981,9818525,‹{ι§ε‘δsΒ—t‹ζ’η’Κ‰J‹{’¬41695,
981,9818533,‹{ι§ε‘δsΒ—t‹ζ”–Ψ‚P’–Ϊ‚P|‚V,
981,9818511,‹{ι§ε‘δsΒ—t‹ζ‘o—tƒP‹u‚Q’–Ϊ‚X|‚P,
981,9818550,‹{ι§ε‘δsΒ—t‹ζ‘©‚U’–Ϊ‚S‚T|‚P‚U,
981,9818558,‹{ι§ε‘δsΒ—t‹ζ¬Ό“‡‚S’–Ϊ‚S|‚P,
981,9818543,‹{ι§ε‘δsΒ—t‹ζ¬Ό“‡‚S’–Ϊ‚R|‚P,
981,9818557,‹{ι§ε‘δsΒ—t‹ζχƒP‹u‚X’–Ϊ‚P|‚P,
981,9818502,‹{ι§ε‘δsΒ—t‹ζ‘©‚U’–Ϊ‚T‚Q|‚P,
981,9818555,‹{ι§ε‘δsΒ—t‹ζ’η’Κ‰J‹{’¬41640,
981,9818522,‹{ι§ε‘δsΒ—t‹ζ‘©‚P’–Ϊ‚W|‚P,
981,9818523,‹{ι§ε‘δsΒ—t‹ζ‘©‚P’–Ϊ‚P‚X|‚P,
981,9818552,‹{ι§ε‘δsΒ—t‹ζ‘©‚U’–Ϊ‚S‚T|‚P‚U,
981,9818551,‹{ι§ε‘δsΒ—t‹ζ‘©‚U’–Ϊ‚S‚T|‚P‚U,
981,9818540,‹{ι§ε‘δsΒ—t‹ζ”–Ψ‚P’–Ϊ‚P|‚T‚R,
981,9818501,‹{ι§ε‘δsΒ—t‹ζ’η’¬O’–Ϊ‚P‚U”Τ‚P†,
981,9818563,‹{ι§ε‘δsΒ—t‹ζ‘δ΄‚S’–Ϊ‚R|‚Q‚P,
981,9818556,‹{ι§ε‘δsΒ—t‹ζ”–Ψ‚P’–Ϊ‚Q|‚R‚Q”–Ψ’ƒrƒ‹‚UK,
981,9818570,‹{ι§ε‘δsΒ—t‹ζμ•½‚Q’–Ϊ‚Q‚U|‚P,
981,9818545,‹{ι§ε‘δsΒ—t‹ζ”–Ψ‚P’–Ϊ‚Q|‚S‚T,
981,9818560,‹{ι§ε‘δsΒ—t‹ζ”–Ψ‚P’–Ϊ‚Q|‚S‚T,
981,9818510,‹{ι§ε‘δsΒ—t‹ζ’η’Κ‰J‹{’¬‚S”Τ‚P‚V†,
981,9818505,‹{ι§ε‘δsΒ—t‹ζ’η’Κ‰J‹{’¬‚S”Τ‚P‚V†,
989,9893292,‹{ι§ε‘δsΒ—t‹ζ“μ‹g¬‚R’–Ϊ‚P”Τ‚V†,
983,9838523,‹{ι§ε‘δs‹{ι–μ‹ζΦ‰‚S|‚Q|‚Rε‘δ‚l‚sƒrƒ‹,
983,9838535,‹{ι§ε‘δs‹{ι–μ‹ζΦ‰‚S’–Ϊ‚R”Τ‚P‚O†,
983,9838555,‹{ι§ε‘δs‹{ι–μ‹ζξ’¬‚V’–Ϊ‚S|‚Q‚O,
983,9838556,‹{ι§ε‘δs‹{ι–μ‹ζξ’¬‚T’–Ϊ‚U|‚Q‚Q,
983,9838544,‹{ι§ε‘δs‹{ι–μ‹ζΦ‰‚S’–Ϊ‚Q|‚Rε‘δXƒrƒ‹‚P‚R‚e,
983,9838528,‹{ι§ε‘δs‹{ι–μ‹ζΦ‰‚T’–Ϊ‚P‚Q”Τ‚T‚T†,
983,9838510,‹{ι§ε‘δs‹{ι–μ‹ζ‹κ’|‚P’–Ϊ‚V|‚P‚O,
983,9838501,‹{ι§ε‘δs‹{ι–μ‹ζξ’¬‚T’–Ϊ‚P‚O”Τ‚U†,
983,9838533,‹{ι§ε‘δs‹{ι–μ‹ζξ’¬‚T’–Ϊ‚P‚Q|‚P‚T,
983,9838560,‹{ι§ε‘δs‹{ι–μ‹ζξ’¬‚P’–Ϊ‚V|‚R‚U,
983,9838520,‹{ι§ε‘δs‹{ι–μ‹ζ‹{ι–μ‚Q’–Ϊ‚W|‚W,
983,9838543,‹{ι§ε‘δs‹{ι–μ‹ζ“‹{ι–μ41699,
983,9838513,‹{ι§ε‘δs‹{ι–μ‹ζK’¬‚T’–Ϊ‚P‚R|‚P,
983,9838507,‹{ι§ε‘δs‹{ι–μ‹ζ“S–C’¬‚Pε‘δ‘ζl‡“―’΅Ι,
983,9838517,‹{ι§ε‘δs‹{ι–μ‹ζΦ‰‚P’–Ϊ‚U”Τ‚P‚P†,
983,9838506,‹{ι§ε‘δs‹{ι–μ‹ζΦ‰‚R’–Ϊ‚S|‚P‚W,
983,9838537,‹{ι§ε‘δs‹{ι–μ‹ζ“S–C’¬‚P”Τ’nε‘δ‘ζ‚S‡“―’΅Ι,
983,9838565,‹{ι§ε‘δs‹{ι–μ‹ζ¬’ί‚–μ‚P‚Q‚R”Τ‚P,
983,9838512,‹{ι§ε‘δs‹{ι–μ‹ζ•Ί‚P’–Ϊ‚P‚Q”Τ‚P†,
983,9838602,‹{ι§ε‘δs‹{ι–μ‹ζ“ϊ‚Μo’¬‚R’–Ϊ‚R”Τ‚P‚O†,
983,9838502,‹{ι§ε‘δs‹{ι–μ‹ζ`‚Q’–Ϊ‚S|‚P,
983,9838639,‹{ι§ε‘δs‹{ι–μ‹ζ‹κ’|‚Q’–Ϊ‚U|‚P‚O,
983,9838551,‹{ι§ε‘δs‹{ι–μ‹ζ‹κ’|‚S’–Ϊ‚Q”Τ‚P†,
983,9838527,‹{ι§ε‘δs‹{ι–μ‹ζ–Ό|’‚P‚Q‚W”Τ’nL£’Κ‚r‚dƒrƒ‹‚TK,
983,9838584,‹{ι§ε‘δs‹{ι–μ‹ζξ’¬‚Q’–Ϊ‚S|‚T‚P,
983,9838522,‹{ι§ε‘δs‹{ι–μ‹ζξ’¬‚P’–Ϊ‚P”Τ‚S‚P†,
983,9838504,‹{ι§ε‘δs‹{ι–μ‹ζΦ‰‚T’–Ϊ‚P|‚Q‚V,
983,9838570,‹{ι§ε‘δs‹{ι–μ‹ζ“ϊ‚Μo’¬‚Q’–Ϊ‚R|‚V,
983,9838585,‹{ι§ε‘δs‹{ι–μ‹ζ“S–C’¬‚P”Τ’nε‘δ‘ζ‚S‡“―’΅Ι,
983,9838545,‹{ι§ε‘δs‹{ι–μ‹ζ΄’¬‹κ’|Ω‘O‚S‚O|‚Q,
983,9838622,‹{ι§ε‘δs‹{ι–μ‹ζΦ‰‚S’–Ϊ‚P|‚Piε‘δ“—X•Φ‹Η„‘” ‘ζ‚R‚T†j,
983,9838601,‹{ι§ε‘δs‹{ι–μ‹ζά—Φ‚Q’–Ϊ‚P‚Q|‚R‚Tiε‘δ“—X•Φ‹Η„‘” ‘ζ‚Q‚P†j,
984,9848505,‹{ι§ε‘δsα—Ρ‹ζ‰µ’¬‚T’–Ϊ‚R|‚P‚Q,
984,9848642,‹{ι§ε‘δsα—Ρ‹ζ‰µ’¬‚P’–Ϊ‚T|‚Ui‰µ’¬—X•Φ‹Η„‘” ‘ζ‚P‚S‚O†j,
984,9848570,‹{ι§ε‘δsα—Ρ‹ζ‰µ’¬“‚R’–Ϊ‚Q|‚P‚O,
984,9848560,‹{ι§ε‘δsα—Ρ‹ζ‘εa’¬‚Q’–Ϊ‚Q‚X|‚P,
984,9848669,‹{ι§ε‘δsα—Ρ‹ζ‰µ’¬‚P’–Ϊ‚S|‚Si‰µ’¬—X•Φ‹Η„‘” ‘ζ‚P‚Q‚U†j,
984,9848512,‹{ι§ε‘δsα—Ρ‹ζ‰µ’¬“‚Q’–Ϊ‚P|‚P,
984,9848543,‹{ι§ε‘δsα—Ρ‹ζ‰µ’¬“‚S’–Ϊ‚P|‚T,
984,9848567,‹{ι§ε‘δsα—Ρ‹ζV›‚P’–Ϊ‚Q|‚V,
984,9848568,‹{ι§ε‘δsα—Ρ‹ζ’†‘q‚Q’–Ϊ‚Q|‚Q‚R,
984,9848575,‹{ι§ε‘δsα—Ρ‹ζ‰µ’¬“‚S’–Ϊ‚R|‚Q‚V,
984,9848553,‹{ι§ε‘δsα—Ρ‹ζ‰µ’¬“‚S’–Ϊ‚S|‚R‚U,
984,9848545,‹{ι§ε‘δsα—Ρ‹ζ“y”σ103,
984,9848550,‹{ι§ε‘δsα—Ρ‹ζ‰µ’¬O’–Ϊ‚T”Τ’n‚Μ‚P‚X,
984,9848525,‹{ι§ε‘δsα—Ρ‹ζ‰µ’¬‚T’–Ϊ‚P|‚S,
984,9848680,‹{ι§ε‘δsα—Ρ‹ζ‰µ’¬‚R’–Ϊ‚V|‚Ti‰µ’¬—X•Φ‹Η„‘” ‘ζ‚S‚Q‚V†j,
984,9848668,‹{ι§ε‘δsα—Ρ‹ζ‰µ’¬‚R’–Ϊ‚U|‚Vi‰µ’¬—X•Φ‹Η„‘” ‘ζ‚S‚P‚S†j,
984,9848518,‹{ι§ε‘δsα—Ρ‹ζM’41688,
984,9848577,‹{ι§ε‘δsα—Ρ‹ζ‰µ’¬“‚P’–Ϊ‚P|‚R‚W,
984,9848666,‹{ι§ε‘δsα—Ρ‹ζ‰µ’¬‚Q’–Ϊ‚P‚T|‚V,
984,9848555,‹{ι§ε‘δsα—Ρ‹ζ‰µ’¬‚S’–Ϊ‚R|‚P,
984,9848558,‹{ι§ε‘δsα—Ρ‹ζV›‚P’–Ϊ‚Q|‚Q‚R,
984,9848584,‹{ι§ε‘δsα—Ρ‹ζ‰µ’¬“‚R’–Ϊ‚S|‚P‚R“‡‘qΙ“ΰ,
984,9848516,‹{ι§ε‘δsα—Ρ‹ζ“y”σ103,
984,9848686,‹{ι§ε‘δsα—Ρ‹ζ‰µ’¬‚R’–Ϊ‚V|‚V,
984,9848688,‹{ι§ε‘δsα—Ρ‹ζ‰µ’¬‚P’–Ϊ‚U|‚Si‰µ’¬—X•Φ‹Η„‘” ‘ζ‚P‚T‚P†j,
984,9848552,‹{ι§ε‘δsα—Ρ‹ζ‰µ’¬‚T’–Ϊ‚R|‚V,
984,9848539,‹{ι§ε‘δsα—Ρ‹ζ‰µ’¬‚R’–Ϊ‚W”Τ‚P‚O‚T†,
984,9848538,‹{ι§ε‘δsα—Ρ‹ζ‰µ’¬‚R’–Ϊ‚W”Τ‚P‚O‚T†,
984,9848511,‹{ι§ε‘δsα—Ρ‹ζ‰µ’¬“‚P’–Ϊ‚X|‚Q‚W,
984,9848501,‹{ι§ε‘δsα—Ρ‹ζ΄…¬H41699,
984,9848522,‹{ι§ε‘δsα—Ρ‹ζ‰µ’¬‚S’–Ϊ‚R|‚P,
984,9848540,‹{ι§ε‘δsα—Ρ‹ζ‰µ’¬“‚T’–Ϊ‚U|‚Q‚T,
984,9848503,‹{ι§ε‘δsα—Ρ‹ζ‰«–μ‚Q’–Ϊ‚T|‚P‚O,
984,9848654,‹{ι§ε‘δsα—Ρ‹ζ‰µ’¬‚R’–Ϊ‚U|‚Ri‰µ’¬—X•Φ‹Η„‘” ‘ζ‚S‚P‚P†j,
984,9848585,‹{ι§ε‘δsα—Ρ‹ζά‹΄‚R’–Ϊ‚S|‚P‚Q,
984,9848519,‹{ι§ε‘δsα—Ρ‹ζά‹΄‚R’–Ϊ‚Q|‚P,
984,9848675,‹{ι§ε‘δsα—Ρ‹ζ‰µ’¬‚Q’–Ϊ‚V|‚Ti‰µ’¬—X•Φ‹Η„‘” ‘ζ‚Q‚Q‚O†j,
984,9848670,‹{ι§ε‘δsα—Ρ‹ζ‰µ’¬‚Q’–Ϊ‚W|‚Si‰µ’¬—X•Φ‹Η„‘” ‘ζ‚Q‚R‚S†j,
984,9848561,‹{ι§ε‘δsα—Ρ‹ζ³’ƒ”¨4,
984,9848510,‹{ι§ε‘δsα—Ρ‹ζ‘εa’¬‚S’–Ϊ‚P‚V|‚P,
984,9848557,‹{ι§ε‘δsα—Ρ‹ζZ’‚Μ–ΪΌ’¬‚W”Τ‚P†ΦμƒZƒ“ƒ^[ƒrƒ‹‚SK,
984,9848580,‹{ι§ε‘δsα—Ρ‹ζ‰ΰ–Ϊ‚P’–Ϊ‚P|‚P,
984,9848601,‹{ι§ε‘δsα—Ρ‹ζ•Ϋt‰@‘O’41699,
984,9848533,‹{ι§ε‘δsα—Ρ‹ζ‰µ’¬‚R’–Ϊ‚W|‚S,
984,9848676,‹{ι§ε‘δsα—Ρ‹ζ‰µ’¬‚R’–Ϊ‚S|‚Qi‰µ’¬—X•Φ‹Η„‘” ‘ζ‚R‚W‚O†j,
984,9848603,‹{ι§ε‘δsα—Ρ‹ζ‰µ’¬“‚P’–Ϊ‚P|‚T‚Qiα—Ρ—X•Φ‹Η„‘” ‘ζ‚Q†j,
984,9848551,‹{ι§ε‘δsα—Ρ‹ζΓι‚R’–Ϊ‚Q‚U|‚Piα—Ρ—X•Φ‹Η„‘” ‘ζ‚P‚U†j,
980,9808668,‹{ι§ε‘δs‘Ύ”’‹ζ”–ΨR’¬‚Q‚U|‚Piε‘δ’†‰›—X•Φ‹Η„‘” ‘ζ‚P†j,
982,9828551,‹{ι§ε‘δs‘Ύ”’‹ζ–φ¶‚Q’–Ϊ‚Q‚W|‚Q,
982,9828510,‹{ι§ε‘δs‘Ύ”’‹ζSR‚U’–Ϊ‚V|‚P,
982,9828521,‹{ι§ε‘δs‘Ύ”’‹ζ”–ΨR’¬12785,
982,9828511,‹{ι§ε‘δs‘Ύ”’‹ζbζό΄‘O‚U|‚Q,
982,9828566,‹{ι§ε‘δs‘Ύ”’‹ζ‚ ‚·‚Ζ’·’¬l’–Ϊ‚P”Τ‚U‚O†,
982,9828555,‹{ι§ε‘δs‘Ύ”’‹ζbζ–{’¬‚Q’–Ϊ‚P‚P|‚P‚P,
982,9828523,‹{ι§ε‘δs‘Ύ”’‹ζ’·’¬“μ‚S’–Ϊ‚Q‚O|‚P,
982,9828544,‹{ι§ε‘δs‘Ύ”’‹ζΌ‘½‰κ‚S’–Ϊ‚P‚X|‚P,
982,9828585,‹{ι§ε‘δs‘Ύ”’‹ζ“μ‘ε–μ“c41668,
982,9828601,‹{ι§ε‘δs‘Ύ”’‹ζ’·’¬“μ‚R’–Ϊ‚P|‚P‚T,
982,9828502,‹{ι§ε‘δs‘Ύ”’‹ζ‚ ‚·‚Ζ’·’¬‚P’–Ϊ‚P”Τ‚P†,
982,9828501,‹{ι§ε‘δs‘Ύ”’‹ζ”–ΨR–{’¬‚Q’–Ϊ‚S‚R|‚R,
982,9828531,‹{ι§ε‘δs‘Ύ”’‹ζ’·’¬“μ36951,
982,9828577,‹{ι§ε‘δs‘Ύ”’‹ζ”–ΨR’¬12785,
982,9828588,‹{ι§ε‘δs‘Ύ”’‹ζ“ρƒc‘ς6,
982,9828798,‹{ι§ε‘δs‘Ύ”’‹ζ”–ΨR–{’¬‚Q’–Ϊ‚P‚P|‚P,
981,9813287,‹{ι§ε‘δsς‹ζ›‰‚U’–Ϊ‚T|‚P,
981,9818585,‹{ι§ε‘δsς‹ζ“ψ‚Μ‹u‚P’–Ϊ‚P‚W|‚P,
981,9813297,‹{ι§ε‘δsς‹ζ›‰38718,
981,9813189,‹{ι§ε‘δsς‹ζς’†‰›‚Q’–Ϊ‚P|‚P,
981,9813188,‹{ι§ε‘δsς‹ζ”‰³—‚R’–Ϊ‚R|‚P,
981,9813195,‹{ι§ε‘δsς‹ζ‰Α–Ξ‚P’–Ϊ‚S‚W|‚Q,
981,9813193,‹{ι§ε‘δsς‹ζ“V_‘ς‚Q’–Ϊ‚P|‚P,
981,9813180,‹{ι§ε‘δsς‹ζ”‰³—‚S’–Ϊ‚T|‚P,
981,9813192,‹{ι§ε‘δsς‹ζs–Όβ‚‘q‚U‚T,
981,9813194,‹{ι§ε‘δsς‹ζ”‰³—‚S’–Ϊ‚Q|‚Q,
981,9813280,‹{ι§ε‘δsς‹ζ–Ύ’Κ‚R’–Ϊ‚R‚P”Τ’n,
981,9813292,‹{ι§ε‘δsς‹ζ–Ύ’Κ‚R’–Ϊ‚Q‚S|‚P,
981,9813295,‹{ι§ε‘δsς‹ζ–Ύ’Κ‚R’–Ϊ‚Q‚P|‚Q,
981,9813293,‹{ι§ε‘δsς‹ζ–Ύ’Κ‚R’–Ϊ‚R|‚P,
981,9813296,‹{ι§ε‘δsς‹ζ–Ύ’Κ‚R’–Ϊ‚R‚O,
981,9813288,‹{ι§ε‘δsς‹ζ‡R‚Q’–Ϊ‚P|‚T,
986,9868501,‹{ι§Ξs’’¬‚P‚S”Τ‚P†,
986,9868522,‹{ι§ΞsΦ“cΌ“Ή‰Ί‚V‚P”Τ’n,
986,9868585,‹{ι§ΞsΌ•ΐ‚Q’–Ϊ‚P‚S|‚S,
986,9868507,‹{ι§Ξs“μυ’¬‚Q’–Ϊ‚Q‚Q‚O|‚P,
986,9868540,‹{ι§Ξs‹›’¬‚Q’–Ϊ‚V|‚S,
986,9868525,‹{ι§Ξs’zR‚P’–Ϊ‚X”Τ‚R‚P†,
986,9868555,‹{ι§Ξs“μυ’¬‚Q’–Ϊ‚Q|‚P,
986,9860195,‹{ι§Ξs‘–μ’J‹‰ο‘O‚P‚Q|‚P,
986,9868580,‹{ι§Ξs“μ‹«V…Λ‚P,
985,9858521,‹{ι§‰–β}s’†‚Μ“‡41749,
985,9858522,‹{ι§‰–β}s’εR’Κ‚P’–Ϊ‚U|‚R‚W,
985,9858501,‹{ι§‰–β}s®’¬41640,
985,9858504,‹{ι§‰–β}s`’¬‚P’–Ϊ‚U”Τ‚Q‚O†,
985,9858601,‹{ι§‰–β}s®’¬‚P‚V|‚P‚T,
985,9858510,‹{ι§‰–β}sκXR41640,
985,9858507,‹{ι§‰–β}s’εR’Κ‚R’–Ϊ‚S|‚P,
985,9858607,‹{ι§‰–β}s–k•l‚S’–Ϊ‚P‚S|‚P,
985,9858511,‹{ι§‰–β}sV•l’¬‚R’–Ϊ‚P‚U|‚P‚T,
985,9858506,‹{ι§‰–β}s‹Ρ’¬41775,
985,9858502,‹{ι§‰–β}sV•l’¬‚R’–Ϊ‚P‚R|‚R,
988,9888502,‹{ι§‹Cεΐs‹›sκ‘O‚P”Τ‚P†,
988,9888501,‹{ι§‹Cεΐs”“ϊ’¬‚P’–Ϊ‚P|‚P,
988,9880393,‹{ι§‹Cεΐs–{‹g’¬’Γ’JΪ‰‚P‚Oi’Γ’J—X•Φ‹Η„‘” ‘ζ‚R†j,
988,9880392,‹{ι§‹Cεΐs–{‹g’¬’–‚Μ•@‚P‚U‚X|‚V,
989,9890292,‹{ι§”’Ξs‘εθ’¬41640,
989,9890293,‹{ι§”’Ξs‘ς’[’¬‚P|‚S‚T,
989,9890294,‹{ι§”’Ξs®’¬‚U’–Ϊ‚P,
989,9890296,‹{ι§”’Ξs•‰‘ –{›¶“c‚P‚P‚P|‚P,
989,9890295,‹{ι§”’Ξs•‰[’J“μ‰«‚W”Τ‚P,
981,9811294,‹{ι§–Όζs“m‚Ή‚«‚Μ‚µ‚½‚T’–Ϊ‚R”Τ’n‚Μ‚P,
981,9811298,‹{ι§–Όζs‰Ί—]“c­“‡‚P‚O”Τ’n,
981,9811295,‹{ι§–Όζs‚δ‚θ‚‹u‚S’–Ϊ‚P‚O|‚P,
981,9811292,‹{ι§–Όζs‘“c–φ“c‚W‚O,
981,9811293,‹{ι§–Όζs¤“‡‰–θ–μ“cR‚S‚V|‚P,
981,9811596,‹{ι§p“cs¬βγ¬β‚P”Τ,
981,9811595,‹{ι§p“csp“cΌ“c‚U|‚P,
981,9811592,‹{ι§p“csp“c‘ε–V‚S‚P,
981,9811581,‹{ι§p“cs‰κ‚”¨“μ‚Q‚P‚R,
981,9811582,‹{ι§p“cs²‘q‹{’J’n‚R”Τ’n,
981,9811583,‹{ι§p“cs²‘q‹{’J’n‚S”Τ’n‚R†,
981,9811593,‹{ι§p“csp“c’¬‚Q‚X,
985,9858538,‹{ι§‘½‰κιs‹{“ΰ‚P’–Ϊ‚T|‚P,
985,9858555,‹{ι§‘½‰κιsχ–Ψ37712,
985,9858531,‹{ι§‘½‰κιs’†‰›‚Q’–Ϊ‚P|‚P,
985,9858535,‹{ι§‘½‰κιs‹{“ΰ‚Q’–Ϊ‚Q|‚P,
985,9858533,‹{ι§‘½‰κιs‹{“ΰ‚Q’–Ϊ‚S|‚P,
985,9858551,‹{ι§‘½‰κιs–Ύ‚Q’–Ϊ‚R|‚P,
985,9858589,‹{ι§‘½‰κιsχ–Ψ‚R’–Ϊ‚S|‚P,
985,9858655,‹{ι§‘½‰κιsΫR‚Q’–Ϊ‚P|‚P,
985,9858540,‹{ι§‘½‰κιs‹{“ΰ‚Q’–Ϊ‚T|‚U‚O,
989,9892483,‹{ι§βΐs—Ά‚Μ“m‚P’–Ϊ‚Q|‚T,
989,9892480,‹{ι§βΐsχ‚P’–Ϊ‚U|‚Q‚O,
989,9892496,‹{ι§βΐs‰Ί–μ‹½V“μ’·ΐ‚P|‚Q,
989,9892493,‹{ι§βΐs‘‚Μ΄‚R’–Ϊ‚P|‚U,
989,9892481,‹{ι§βΐs—Ά‚Μ“m‚R’–Ϊ‚T|‚T,
989,9892484,‹{ι§βΐsγ‚R’–Ϊ‚T|‚P,
989,9892492,‹{ι§βΐs‘εΊa41640,
987,9870595,‹{ι§“o•Δs”—’¬²ΐ’†]‚Q’–Ϊ‚U|‚Pi²ΐ—X•Φ‹Η„‘” ‘ζ‚Q†j,
987,9870792,‹{ι§“o•Δs“o•Δ’¬›’r–Ϊq‘δ‚R‚W‚P|‚Pi“o•Δ—X•Φ‹Η„‘” ‘ζ‚S†j,
989,9894692,‹{ι§“o•Δs”—’¬V“cγ—tƒm–Ψ‘ς‚P,
989,9894792,‹{ι§“o•ΔsΞ‰z’¬¤“†‚W‚P,
987,9872195,‹{ι§I΄s‚΄…—υ‘ς20,
987,9872293,‹{ι§I΄s’zΩ–ςt‚P’–Ϊ‚V|‚P,
987,9872292,‹{ι§I΄s’zΩΙ“¤‚R’–Ϊ‚P”Τ‚P‚O†,
987,9872392,‹{ι§I΄sκ”—^β΄…“c‰Ν‘O‚T,
987,9872592,‹{ι§I΄s‰ΤR–{‘ς–kƒm‘O77,
987,9872593,‹{ι§I΄s‰ΤR–{‘ςΐR‚U‚P|‚P,
989,9894592,‹{ι§I΄s£•τ‰Ί“΅‘ς‚P‚P‚W|‚P,
989,9895392,‹{ι§I΄sI‹ξβƒPθ‰~‹Ύ›γ‚P‚T‚T,
989,9895492,‹{ι§I΄sις‘ς“μ‹½’‘O‚V‚S|‚P,
989,9895592,‹{ι§I΄sα–φμ“μΛƒmΌ‚S,
989,9895693,‹{ι§I΄su”g•P–xϋ©“n‚Q|‚P,
989,9895692,‹{ι§I΄su”g•Pΐθ‰”¨‚P‚S‚R,
987,9871395,‹{ι§‘εθsΌRηΞL“c‚R‚O,
987,9871393,‹{ι§‘εθsΌRηΞ‘εO‚P‚S,
989,9896193,‹{ι§‘εθsΓμ‰w“‚Q’–Ϊ‚Q|‚RiΓμ—X•Φ‹Η„‘” ‘ζ‚T†j,
989,9894192,‹{ι§‘εθs­“‡‘δ•½“nγΛ‰Ί‚Q‚U|‚Q,
989,9896181,‹{ι§‘εθsΓμ’†—Ά‚U’–Ϊ‚R|‚R‚U,
989,9896183,‹{ι§‘εθsΓμ•δ”gO’–Ϊ‚W”Τ‚P†,
989,9896188,‹{ι§‘εθsΓμµ“ϊ’¬41640,
989,9896192,‹{ι§‘εθsΓμ’†—Ά‚P’–Ϊ‚S|‚P‚P,
989,9896195,‹{ι§‘εθsΓμ‰w“μ‚Q’–Ϊ‚S|‚Q,
989,9896185,‹{ι§‘εθsΓμ®‚U’–Ϊ‚Q|‚P‚T,
989,9896392,‹{ι§‘εθsO–{–Ψ‹g“c‚P,
989,9896492,‹{ι§‘εθsβoR‘Dκ‚Q‚P,
989,9896493,‹{ι§‘εθsβoR‰Ί–μ–Ϊ»“c‚P‚O‚P,
989,9896892,‹{ι§‘εθs–Βq‰·ςV‰®•~‚U‚T,
989,9890892,‹{ι§ “cS‘ ‰¤’¬‘ε‰~“cΌ‰Y–k‚P‚O,
989,9890998,‹{ι§ “cS‘ ‰¤’¬‰“ “c‰·ς‘qΞx‘—L—Ρ‚R‚P‚P—Ρ”Ηƒz¬”Η“ΰ,
989,9890592,‹{ι§ “cSµƒ–h’¬Φ126,
989,9891292,‹{ι§Δ“cS‘ε‰Ν΄’¬‘ε’J––L‚P‚Q|‚Pi‘ε‰Ν΄—X•Φ‹Η„‘” ‘ζ‚W†j,
989,9891295,‹{ι§Δ“cS‘ε‰Ν΄’¬V“μ19,
989,9891293,‹{ι§Δ“cS‘ε‰Ν΄’¬‘ε’J•Ϋ—Ώ‘O‚P‚W”Τ’n,
989,9891394,‹{ι§Δ“cS‘Ί“c’¬‘ε›¶ΰΐΞ‚U|‚P,
989,9891393,‹{ι§Δ“cS‘Ί“c’¬‘ε‘Ί“cΌƒP‹u‚Q‚R,
989,9891392,‹{ι§Δ“cS‘Ί“c’¬‘ε‘Ί“c”—‚U,
989,9891692,‹{ι§Δ“cSΔ“c’¬‘D‰’†‰›‚Q’–Ϊ‚R|‚S‚T,
989,9891693,‹{ι§Δ“cSΔ“c’¬‘D‰“μ‚Q’–Ϊ‚Q|‚P‚W,
989,9891695,‹{ι§Δ“cSΔ“c’¬‘ε’†–Ό¶_–Ύ“°‚R|‚P,
989,9891694,‹{ι§Δ“cSΔ“c’¬‘ε‘D‰‘εΐ’[‚P|‚P,
989,9891795,‹{ι§Δ“cSΔ“c’¬’Ξ–Ψ”’”¦‚Q’–Ϊ‚X|‚P,
989,9891592,‹{ι§Δ“cSμθ’¬‘ε‘Oμ— ’‚P‚V‚T|‚P,
981,9812192,‹{ι§Ι‹οSΫX’¬’Ή‰®120,
989,9892393,‹{ι§j—Sj—’¬‰Ί¬H‚V|‚Sij——X•Φ‹Η„‘” ‘ζ‚P‚O†j,
989,9892292,‹{ι§j—SR³’¬σ¶΄μ“cR‚R‚Q”Τ’n,
981,9813494,‹{ι§•μS‘εa’¬Όβ•½‚Q’–Ϊ‚T|‚Q,
981,9813495,‹{ι§•μS‘εa’¬Όβ•½‚W’–Ϊ‚Q,
981,9813496,‹{ι§•μS‘εa’¬Όβ•½‚P’–Ϊ‚U”Τ’n,
981,9813497,‹{ι§•μS‘εa’¬Όβ•½‚P’–Ϊ‚U”Τ’n,
981,9813686,‹{ι§•μS‘εa’¬‹g‰–k΄Ό‚V‚Q,
981,9813698,‹{ι§•μS‘εa’¬¬–μ–Ύ’Κ‚S‚O”Τ’n‚Μ‚V,
981,9813682,‹{ι§•μS‘εa’¬‹g‰Ό•O‰Ί‚U‚O,
981,9813681,‹{ι§•μS‘εa’¬‹g‰—‹_‚Q,
981,9813680,‹{ι§•μS‘εa’¬‹g‰’¬— ‚P‚U,
981,9813688,‹{ι§•μS‘εa’¬‹{°‹‹ς‚Q‚O,
981,9813685,‹{ι§•μS‘εa’¬‹g‰“Δθ‚U‚Q,
981,9813298,‹{ι§•μS‘εa’¬w‰‘‚P”Τ,
981,9813684,‹{ι§•μS‘εa’¬‹g‰Ό΄‚Q‚P|‚X,
981,9813592,‹{ι§•μS‘ε‹½’¬””μΌ’·θ‚T|‚W,
981,9813392,‹{ι§•μS•x’J’¬•x’JβΌ“c‚R‚O,
981,9813692,‹{ι§•μS‘εt‘Ί‘εt•½—Ρ‚U‚Q,
981,9813697,‹{ι§•μS‘εt‘Ί‘εt‹T‰‚T|‚Q,
981,9813693,‹{ι§•μS‘εt‘Ί‰«‚Μ•½‚P”Τ,
981,9814293,‹{ι§‰Α”όS‰Α”ό’¬κ–{™7,
981,9814292,‹{ι§‰Α”όS‰Α”ό’¬Ό“cO”Τ5,
981,9814294,‹{ι§‰Α”όS‰Α”ό’¬κ–{–φ“μ28,
981,9814392,‹{ι§‰Α”όS‰Α”ό’¬’·’h27426,
987,9870195,‹{ι§‰““cS—O’J’¬a]230,
987,9870192,‹{ι§‰““cS—O’J’¬V’¬— ‚P‚T‚R|‚Qi—O’J—X•Φ‹Η„‘” ‘ζ‚P†j,
987,9878603,‹{ι§‰““cS”ό—Ά’¬Β¶–φ΄‚P‚O|‚Pi¬‹“c—X•Φ‹Η„‘” ‘ζ‚R†j,
987,9878608,‹{ι§‰““cS”ό—Ά’¬–k‰YV΄‚Ti¬‹“c—X•Φ‹Η„‘” ‘ζ‚W†j,
987,9878605,‹{ι§‰““cS”ό—Ά’¬–k‰Y‚P’–Ϊ‚Pi¬‹“c—X•Φ‹Η„‘” ‘ζ‚T†j,
987,9878607,‹{ι§‰““cS”ό—Ά’¬“μ¬‹“c’¬‰®•~‚P‚O‚Xi¬‹“c—X•Φ‹Η„‘” ‘ζ‚S†j,
987,9878602,‹{ι§‰““cS”ό—Ά’¬–k‰Y‹ξ•Δ‚P‚Ri¬‹“c—X•Φ‹Η„‘” ‘ζ‚Q†j,
986,9862292,‹{ι§‰²­S—μ’¬—μ•l—μ‚P‚R‚Ui—μ—X•Φ‹Η„‘” ‘ζ‚P†j,
986,9862293,‹{ι§‰²­S—μ’¬’Λ•l‘O“c‚Pi—μ—X•Φ‹Η„‘” ‘ζ‚Q†j,
986,9860792,‹{ι§–{‹gS“μO—¤’¬u’Γμ‰–“ό‚V‚V”Τ’niu’Γμ—X•Φ‹Η„‘” ‘ζ‚R†j,
